Step,Exact_Ref,Avg_Est,Std_Dev,Lower_Bound,Upper_Bound
500,500,499.228,5.87352,493.354,505.101
1000,1000,1002.84,8.20892,994.627,1011.04
1500,1500,1505.23,21.309,1483.92,1526.54
2000,2000,1995.39,21.5107,1973.88,2016.9
2500,2500,2490.34,30.7868,2459.55,2521.12
3000,3000,2992.06,30.8776,2961.18,3022.94
3500,3500,3483.57,30.4493,3453.12,3514.01
4000,4000,3975.53,63.9212,3911.61,4039.45
4500,4500,4474.19,63.2692,4410.92,4537.46
5000,5000,4962.51,69.4829,4893.02,5031.99
5500,5500,5464.63,92.7295,5371.9,5557.36
6000,6000,5976.15,108.164,5867.99,6084.32
6500,6500,6466.98,119.406,6347.57,6586.38
7000,7000,6944.86,110.124,6834.74,7054.98
7500,7500,7425.99,116.373,7309.61,7542.36
8000,8000,7937.32,108.614,7828.71,8045.94
8500,8500,8426.51,141.891,8284.62,8568.4
9000,9000,8917.8,166.157,8751.65,9083.96
9500,9500,9438.59,185.664,9252.93,9624.25
10000,10000,10028.1,280.123,9747.94,10308.2
10500,10500,10642.2,129.962,10512.2,10772.2
11000,11000,11080.6,146.097,10934.5,11226.7
11500,11500,11561,139.255,11421.7,11700.2
12000,12000,12038.2,154.592,11883.6,12192.8
12500,12500,12502.3,149.46,12352.9,12651.8
13000,13000,12985.7,172.587,12813.2,13158.3
13500,13500,13458,205.135,13252.9,13663.2
14000,14000,13925.6,205.569,13720,14131.2
14500,14500,14437.5,215.572,14221.9,14653.1
15000,15000,14942.2,220.642,14721.6,15162.9
15500,15500,15439.8,223.826,15216,15663.7
16000,16000,15926.8,199.721,15727,16126.5
16500,16500,16408.6,213.875,16194.7,16622.5
17000,17000,16913.7,238.568,16675.1,17152.2
17500,17500,17396,217.433,17178.6,17613.4
18000,18000,17867.6,183.676,17684,18051.3
18500,18500,18358.7,201.826,18156.9,18560.5
19000,19000,18832.9,241.061,18591.9,19074
19500,19500,19327.1,279.342,19047.8,19606.5
20000,20000,19839.7,295.044,19544.7,20134.8
20500,20500,20328,328.058,19999.9,20656.1
21000,21000,20863.6,319.075,20544.5,21182.6
21500,21500,21372.8,326.081,21046.7,21698.8
22000,22000,21862.4,311.823,21550.6,22174.2
22500,22500,22361,356.662,22004.4,22717.7
23000,23000,22893.8,348.651,22545.1,23242.4
23500,23500,23371.2,394.052,22977.2,23765.3
24000,24000,23844.8,420.903,23423.9,24265.7
24500,24500,24338.2,429.811,23908.4,24768
25000,25000,24818.9,403.709,24415.2,25222.6
25500,25500,25307.1,430.823,24876.3,25737.9
26000,26000,25816.1,472.855,25343.2,26288.9
26500,26500,26365.7,515.98,25849.7,26881.7
27000,27000,26873.2,528.155,26345,27401.4
27500,27500,27384.6,491.131,26893.5,27875.8
28000,28000,27941.2,490.97,27450.2,28432.2
28500,28500,28428.6,504.049,27924.6,28932.7
29000,29000,28958,531.447,28426.6,29489.5
29500,29500,29445.2,501.445,28943.8,29946.7
30000,30000,29942.1,528.597,29413.5,30470.7
30500,30500,30458.3,528.672,29929.7,30987
31000,31000,30958.7,612.199,30346.5,31570.9
31500,31500,31453.7,592.111,30861.6,32045.8
32000,32000,31955.2,602.485,31352.8,32557.7
32500,32500,32434.9,598.016,31836.9,33032.9
33000,33000,32929.5,541.498,32388,33471
33500,33500,33433.6,544.951,32888.6,33978.5
34000,34000,33931.1,561.603,33369.5,34492.7
34500,34500,34416.9,599.328,33817.6,35016.2
35000,35000,34955.2,581.187,34374,35536.4
35500,35500,35466.6,568.903,34897.7,36035.5
36000,36000,35966.3,557.519,35408.8,36523.8
36500,36500,36443.4,513.868,35929.5,36957.3
37000,37000,36927.1,518.405,36408.7,37445.5
37500,37500,37412.2,550.242,36861.9,37962.4
38000,38000,37929.5,538.579,37390.9,38468.1
38500,38500,38388.1,575.627,37812.5,38963.7
39000,39000,38882.7,560.566,38322.1,39443.2
39500,39500,39407.8,568.887,38838.9,39976.7
40000,40000,39941.3,569.452,39371.9,40510.8
40500,40500,40402.4,559.826,39842.6,40962.2
41000,41000,40892,570.412,40321.6,41462.4
41500,41500,41402,623.221,40778.8,42025.3
42000,42000,41914.8,624.204,41290.6,42539
42500,42500,42394.6,582.163,41812.4,42976.8
43000,43000,42875.6,612.686,42262.9,43488.3
43500,43500,43394,590.517,42803.5,43984.5
44000,44000,43849.8,571.349,43278.4,44421.1
44500,44500,44336.3,591.333,43745,44927.6
45000,45000,44826.9,621.734,44205.2,45448.6
45500,45500,45364.1,599.106,44765,45963.2
46000,46000,45843.2,643.901,45199.3,46487.1
46500,46500,46298.2,681.58,45616.6,46979.8
47000,47000,46800.5,652.503,46148,47453
47500,47500,47299.2,667.656,46631.5,47966.9
48000,48000,47869.9,709.217,47160.7,48579.1
48500,48500,48341,750.319,47590.6,49091.3
49000,49000,48847.2,722.11,48125.1,49569.3
49500,49500,49292.3,713.463,48578.9,50005.8
50000,50000,49785.8,672.132,49113.6,50457.9
50500,50500,50294.9,683.948,49611,50978.9
51000,51000,50796.8,767.585,50029.2,51564.3
51500,51500,51326.4,762.157,50564.2,52088.6
52000,52000,51809.8,775.763,51034,52585.5
52500,52500,52320,771.452,51548.6,53091.5
53000,53000,52810.3,718.469,52091.8,53528.8
53500,53500,53397.9,705.154,52692.8,54103.1
54000,54000,53885.4,717.072,53168.3,54602.5
54500,54500,54350.7,714.678,53636,55065.3
55000,55000,54825.3,684.095,54141.2,55509.4
55500,55500,55334.8,699.267,54635.5,56034.1
56000,56000,55884.9,787.198,55097.7,56672.1
56500,56500,56336.1,789.444,55546.7,57125.6
57000,57000,56904.8,819.147,56085.6,57723.9
57500,57500,57434.7,808.571,56626.2,58243.3
58000,58000,57927.3,753.532,57173.8,58680.8
58500,58500,58496.7,722.987,57773.7,59219.7
59000,59000,59045.7,701.684,58344,59747.4
59500,59500,59609.6,702.041,58907.6,60311.6
60000,60000,60029.5,661.102,59368.4,60690.6
60500,60500,60506,662.94,59843.1,61169
61000,61000,60917.9,668.693,60249.2,61586.6
61500,61500,61444.8,692.29,60752.5,62137.1
62000,62000,61999.7,725.38,61274.3,62725.1
62500,62500,62486.3,757.69,61728.6,63244
63000,63000,63021,741.984,62279,63763
63500,63500,63530.6,734.839,62795.7,64265.4
64000,64000,63976.4,805.563,63170.8,64781.9
64500,64500,64422.3,868.39,63553.9,65290.7
65000,65000,64944.8,915.772,64029,65860.5
65500,65500,65461.1,782.136,64679,66243.2
66000,66000,65872.8,804.987,65067.8,66677.7
66500,66500,66363.3,838.379,65524.9,67201.7
67000,67000,66903.1,871.339,66031.7,67774.4
67500,67500,67471.7,906.987,66564.7,68378.7
68000,68000,67916.3,834.748,67081.6,68751.1
68500,68500,68430,835.601,67594.4,69265.6
69000,69000,68890.5,908.669,67981.8,69799.2
69500,69500,69351.3,869.792,68481.5,70221.1
70000,70000,69901.9,831.749,69070.1,70733.6
70500,70500,70373.7,846.148,69527.5,71219.8
71000,71000,70955.1,837.054,70118.1,71792.2
71500,71500,71431.1,835.57,70595.5,72266.7
72000,72000,71918.7,836.259,71082.4,72754.9
72500,72500,72394.2,859.254,71534.9,73253.4
73000,73000,72919,760.342,72158.6,73679.3
73500,73500,73379.3,825.764,72553.6,74205.1
74000,74000,73924.4,838.188,73086.2,74762.6
74500,74500,74422.4,841.788,73580.6,75264.2
75000,75000,74911.8,809.247,74102.6,75721.1
75500,75500,75428.3,792.057,74636.2,76220.4
76000,76000,75895.2,742.986,75152.2,76638.2
76500,76500,76410.9,782.036,75628.8,77192.9
77000,77000,76897.6,757.224,76140.3,77654.8
77500,77500,77355,739.66,76615.4,78094.7
78000,78000,77800.1,747.662,77052.4,78547.7
78500,78500,78231.8,831.991,77399.8,79063.8
79000,79000,78716.9,823.049,77893.9,79540
79500,79500,79277.4,858.961,78418.4,80136.3
80000,80000,79821.9,838.795,78983.1,80660.7
80500,80500,80281.6,893.474,79388.1,81175.1
81000,81000,80783.6,907.317,79876.3,81690.9
81500,81500,81308.2,964.831,80343.3,82273
82000,82000,81857.1,964.15,80893,82821.3
82500,82500,82294.8,964.798,81330,83259.6
83000,83000,82686.7,919.659,81767,83606.3
83500,83500,83281.6,934.868,82346.7,84216.5
84000,84000,83748.1,1006.41,82741.7,84754.5
84500,84500,84272.3,1050.74,83221.5,85323
85000,85000,84800.6,1080.79,83719.8,85881.4
85500,85500,85295.5,1141.59,84153.9,86437.1
86000,86000,85762.6,1152.6,84610,86915.2
86500,86500,86280.6,1136.72,85143.9,87417.3
87000,87000,86802.7,1149.22,85653.5,87951.9
87500,87500,87346.2,1165.75,86180.5,88512
88000,88000,87843.3,1258.21,86585.1,89101.5
88500,88500,88298.4,1201.07,87097.3,89499.4
89000,89000,88837.9,1283.6,87554.3,90121.5
89500,89500,89306.6,1312.53,87994.1,90619.2
90000,90000,89790.5,1309.89,88480.6,91100.4
90500,90500,90275.1,1312.9,88962.2,91588
91000,91000,90729.4,1317.64,89411.7,92047
91500,91500,91223.8,1284.97,89938.8,92508.8
92000,92000,91728.5,1314.64,90413.8,93043.1
92500,92500,92160.4,1345.82,90814.6,93506.2
93000,93000,92611.8,1333.88,91277.9,93945.7
93500,93500,93108.6,1248.73,91859.9,94357.3
94000,94000,93556.5,1292.48,92264.1,94849
94500,94500,94111.8,1345.24,92766.5,95457
95000,95000,94589,1379.5,93209.5,95968.5
95500,95500,95181.2,1407.36,93773.9,96588.6
96000,96000,95612.1,1371.17,94240.9,96983.2
96500,96500,96126.2,1380.21,94746,97506.4
97000,97000,96619.8,1457.7,95162.1,98077.5
97500,97500,97163.5,1523.49,95640,98687
98000,98000,97741.8,1583.72,96158.1,99325.5
98500,98500,98276.3,1596.66,96679.7,99873
99000,99000,98778.4,1490.3,97288.1,100269
99500,99500,99309.6,1375,97934.6,100685
100000,100000,99878,1336.25,98541.7,101214
